horizon,segment,method,n,MAE,RMSE,MAPE
3,test,mean_24h,6168,26.178934284479034,33.12400780632882,25.633143562065463
3,test,persistence,6168,18.176880674448768,25.92611783996249,16.843265675645664
3,test,random_forest,6168,18.63128944661336,24.53060336817774,17.080750816076538
3,test,same_hour_of_day,6168,27.242704280155642,36.037636598718166,26.225730773640205
6,test,mean_24h,6165,27.50537307380373,34.77592514107152,27.073728467935553
6,test,persistence,6165,29.867315490673153,39.879677099744505,28.360764799123995
6,test,random_forest,6165,25.420269316391774,32.19345860742689,23.671744976958394
6,test,same_hour_of_day,6165,27.245417680454178,36.04316147414229,26.23305822336423
9,test,mean_24h,6162,28.416795142269823,35.85256422981016,28.063302309045895
9,test,persistence,6162,36.90960727036676,47.538465608715526,35.350419483595545
9,test,random_forest,6162,27.829766640129606,34.998362130221494,25.910453654771164
9,test,same_hour_of_day,6162,27.240993184031158,36.0428830564343,26.236465451637013
12,test,mean_24h,6159,29.149807869242842,36.6574806556375,28.84680628559716
12,test,persistence,6159,39.62493911349245,50.35664007725405,38.283605707145625
12,test,random_forest,6159,27.73750231620561,34.83369387188862,25.891992216417375
12,test,same_hour_of_day,6159,27.23477837311252,36.04083619563775,26.239168026886233
15,test,mean_24h,6156,29.82917072774529,37.39349996159188,29.543393158754377
15,test,persistence,6156,39.68014944769331,50.072833567399464,38.5306407937205
15,test,random_forest,6156,27.858357339146036,34.86641805139022,26.077319538947396
15,test,same_hour_of_day,6156,27.212638076673166,36.01143012177113,26.230714175920756
18,test,mean_24h,6153,30.572952218430036,38.178307199510606,30.283092761381
18,test,persistence,6153,35.90752478465789,45.83868399540594,34.617700892871106
18,test,random_forest,6153,27.055610441082482,33.86971849001991,25.328132486153816
18,test,same_hour_of_day,6153,27.18852592231432,35.98003807574056,26.218070140056266
21,test,mean_24h,6150,31.371964769647693,39.0919974679515,31.068061163771667
21,test,persistence,6150,30.398048780487805,39.571489284933946,29.01594209509148
21,test,random_forest,6150,26.810498970581854,33.479823272419544,25.09829223252227
21,test,same_hour_of_day,6150,27.172845528455284,35.964759173933366,26.21102463710574
24,test,mean_24h,6147,32.155780597581476,40.06277196327957,31.842170793902184
24,test,persistence,6147,27.18057589067838,35.97239917661255,26.220801195803034
24,test,random_forest,6147,27.206479759044957,33.964087557042156,25.31162877284663
24,test,same_hour_of_day,6147,27.18057589067838,35.97239917661255,26.220801195803034
27,test,mean_24h,6144,32.88671875,40.93405475954067,32.54785932366115
27,test,persistence,6144,31.575846354166668,41.13495241149348,30.86934392329736
27,test,random_forest,6144,29.567276548178853,36.877841836913156,27.53125716871744
27,test,same_hour_of_day,6144,33.6953125,43.61554861203934,32.59357827056231
30,test,mean_24h,6141,33.41626635184281,41.59489014318175,33.0613684940398
30,test,persistence,6141,37.149487054225695,47.68692511476449,36.37575374629285
30,test,random_forest,6141,30.812677133618624,38.4431339021728,28.65484013164801
30,test,same_hour_of_day,6141,33.70493404982902,43.62494293016687,32.60518972339575
33,test,mean_24h,6138,33.81203160638645,42.09085971677532,33.46897326092362
33,test,persistence,6138,41.71049201694363,52.51359426162293,40.72920468409056
33,test,random_forest,6138,31.239260038201934,38.947105324663184,29.035159313532645
33,test,same_hour_of_day,6138,33.71635711958292,43.634794319831336,32.61803643865106
36,test,mean_24h,6135,34.10434664493344,42.48765158378318,33.77742043325858
36,test,persistence,6135,43.56332518337408,54.57812267880441,42.5689684466007
36,test,random_forest,6135,31.11955360318764,38.898949137915956,29.015414108945727
36,test,same_hour_of_day,6135,33.72355338223309,43.64343559176625,32.62859744281794
39,test,mean_24h,6132,34.42374021526419,42.8411598682431,34.0973661394646
39,test,persistence,6132,43.4262883235486,54.35568155599587,42.48045503492669
39,test,random_forest,6132,31.159685368902796,38.8217976408677,29.138668607763574
39,test,same_hour_of_day,6132,33.71200260926288,43.6336973379405,32.62596446947546
42,test,mean_24h,6129,34.72853782563768,43.170541687027786,34.40987136467614
42,test,persistence,6129,40.46679719366944,51.273787701612484,39.36670042204346
42,test,random_forest,6129,30.893788062483814,38.57841685298893,28.763464324465165
42,test,same_hour_of_day,6129,33.70141948115516,43.62695806563149,32.62038527596788
45,test,mean_24h,6126,35.015344433561864,43.510765910547114,34.7316027278537
45,test,persistence,6126,36.54848188050931,46.70550829813199,35.15455447097846
45,test,random_forest,6126,30.63090294277654,38.24076924340307,28.46380457646513
45,test,same_hour_of_day,6126,33.695559908586354,43.62591961093884,32.61945897284219
48,test,mean_24h,6123,35.30100985355762,43.86839789742057,35.0788832091038
48,test,persistence,6123,33.70749632533072,43.63604053956175,32.63291537279749
48,test,random_forest,6123,30.79920875863425,38.41272865504511,28.58342125887131
48,test,same_hour_of_day,6123,33.70749632533072,43.63604053956175,32.63291537279749
51,test,mean_24h,6120,35.53893654684095,44.21265872417253,35.38987335381623
51,test,persistence,6120,36.533496732026144,46.59749951214457,35.651288634312436
51,test,random_forest,6120,31.799302134891086,39.664648320919916,29.67021494752758
51,test,same_hour_of_day,6120,36.674019607843135,46.53922549639091,35.89938017654804
54,test,mean_24h,6117,35.73744618821862,44.51172977893592,35.6826665494123
54,test,persistence,6117,40.6718979892104,51.30823107233807,39.942956945464694
54,test,random_forest,6117,31.994088338014727,39.94681914069642,29.927500025495018
54,test,same_hour_of_day,6117,36.67827366356057,46.546116394891506,35.910175778059916
57,test,mean_24h,6114,35.974307600043616,44.79966349562494,36.0150031122776
57,test,persistence,6114,44.10647693817468,55.08821693796225,43.34686700822663
57,test,random_forest,6114,31.794027068453154,39.66930219962964,29.836982524651567
57,test,same_hour_of_day,6114,36.67549885508669,46.548088753122094,35.917134433711915
60,test,mean_24h,6111,36.17750095456281,45.05433779367855,36.31225415673057
60,test,persistence,6111,45.49566355751923,56.71358189588539,44.70219272003059
60,test,random_forest,6111,31.70352543979435,39.49338987505813,29.992049444812313
60,test,same_hour_of_day,6111,36.67648502700049,46.553119452734414,35.92572639227344
63,test,mean_24h,6108,36.37542976424361,45.24946823130653,36.58830424061315
63,test,persistence,6108,45.067288801571706,56.300233336455705,44.38669527216949
63,test,random_forest,6108,31.90243055395118,39.64287638801559,30.28744861415017
63,test,same_hour_of_day,6108,36.66502946954813,46.54435393016737,35.92407947352931
66,test,mean_24h,6105,36.589161889161886,45.40484151042852,36.858580057136066
66,test,persistence,6105,42.391318591318594,53.36254779301216,41.633959355645565
66,test,random_forest,6105,31.82585375300928,39.52289158341333,30.338460529780743
66,test,same_hour_of_day,6105,36.65356265356265,46.536634094638956,35.91908620887291
69,test,mean_24h,6102,36.77952583852289,45.562878778952836,37.089393561194214
69,test,persistence,6102,39.146509341199604,49.28646887758852,38.1682194712025
69,test,random_forest,6102,31.958160402784245,39.61579235511027,30.410328768560703
69,test,same_hour_of_day,6102,36.646837102589316,46.53469011892214,35.91865906162754
72,test,mean_24h,6099,36.939942340274364,45.72977872953128,37.28567212750277
72,test,persistence,6099,36.66109198229218,46.54559635197101,35.93420212344518
72,test,random_forest,6099,31.791803925780005,39.39944705182791,30.30826499857442
72,test,same_hour_of_day,6099,36.66109198229218,46.54559635197101,35.93420212344518
3,val,mean_24h,6167,27.947577157991457,35.27327897149404,27.957452355627915
3,val,persistence,6167,20.849683800875628,30.530241900520494,19.848409663197536
3,val,random_forest,6167,20.388533006463877,27.21997555986695,19.505525967434572
3,val,same_hour_of_day,6167,29.79276795848873,40.038877652734115,29.741987169463545
6,val,mean_24h,6164,29.373114049318623,37.005448703866776,29.557722089203626
6,val,persistence,6164,32.16953277092797,42.8216670095521,31.03925669950262
6,val,random_forest,6164,26.970211181618083,33.99430210610239,26.41588690250718
6,val,same_hour_of_day,6164,29.789584685269304,40.04028835758552,29.743571867095557
9,val,mean_24h,6161,30.442967862360007,38.3679088062424,30.828637414570153
9,val,persistence,6161,38.502840447979224,49.44034456628167,37.459289168571445
9,val,random_forest,6161,29.252342702616115,36.50761470613633,28.86005047128755
9,val,same_hour_of_day,6161,29.794351566304172,40.04744589128241,29.751377591369817
12,val,mean_24h,6158,31.372915990040056,39.58342486300193,31.965155548695655
12,val,persistence,6158,41.133160116921076,52.14835372006382,40.24739664379115
12,val,random_forest,6158,29.278217637435766,36.64072358268875,29.248029751871762
12,val,same_hour_of_day,6158,29.794576161091264,40.0513899341949,29.7574011266748
15,val,mean_24h,6155,32.3145951800704,40.724118437937506,33.10573839962362
15,val,persistence,6155,41.74216084484159,52.30572968848947,41.15991597176079
15,val,random_forest,6155,29.674147363531766,37.05176991958429,29.89992269700876
15,val,same_hour_of_day,6155,29.807473598700245,40.06101155273986,29.77068900687157
18,val,mean_24h,6152,33.162284622886865,41.79939965504827,34.12842325429471
18,val,persistence,6152,38.37695058517555,48.94989443450869,37.76099487303377
18,val,random_forest,6152,29.19247059718229,36.56870411468697,29.58639389410105
18,val,same_hour_of_day,6152,29.81436931079324,40.06870724630527,29.77800464629118
21,val,mean_24h,6149,34.03802108743969,42.8653900445786,35.14166969855459
21,val,persistence,6149,32.94860953000488,43.395313060762305,32.39030810494914
21,val,random_forest,6149,29.252769273763914,36.56607903937148,29.727592912534707
21,val,same_hour_of_day,6149,29.823873800617985,40.07781299530837,29.788339923682873
24,val,mean_24h,6146,34.961472231261524,43.94966852280828,36.178611521556704
24,val,persistence,6146,29.835665473478684,40.08737609392353,29.80052316471799
24,val,random_forest,6146,29.613108187892355,36.961031343406134,29.954292526833022
24,val,same_hour_of_day,6146,29.835665473478684,40.08737609392353,29.80052316471799
27,val,mean_24h,6143,35.74080253947582,44.93795764954502,37.043362658059884
27,val,persistence,6143,34.612241575777304,45.08430253442394,34.80118650922583
27,val,random_forest,6143,32.150750320744464,39.60553844356292,32.633794601397206
27,val,same_hour_of_day,6143,36.72977372619241,48.473620087380645,37.43989214516384
30,val,mean_24h,6140,36.33355727470141,45.65715467226766,37.70802756947345
30,val,persistence,6140,40.49478827361563,51.861454120114765,40.968539932148
30,val,random_forest,6140,33.5314528089675,41.103425682462216,34.06916685750881
30,val,same_hour_of_day,6140,36.72833876221498,48.47505822955044,37.43809503123061
33,val,mean_24h,6137,36.806216392374125,46.15795715249214,38.209634388117934
33,val,persistence,6137,45.24197490630601,56.70493712266206,45.821094283675116
33,val,random_forest,6137,33.90350530826923,41.57067285301369,34.573312599015146
33,val,same_hour_of_day,6137,36.73227961544729,48.48126892452906,37.44408027517988
36,val,mean_24h,6134,37.20584719052277,46.56455805593688,38.62366667708662
36,val,persistence,6134,47.22464949462015,58.789850271506914,47.946639160114785
36,val,random_forest,6134,34.19903204104187,41.78682900180605,35.11352334202065
36,val,same_hour_of_day,6134,36.7411150961852,48.49135802454788,37.45464141935523
39,val,mean_24h,6131,37.50511743598108,46.8726163333114,38.930175284706195
39,val,persistence,6131,47.02495514597945,58.69456837625521,47.89858385460023
39,val,random_forest,6131,34.44662851813991,42.0800816407433,35.39389478560116
39,val,same_hour_of_day,6131,36.75322133420323,48.50245030441802,37.468316504464184
42,val,mean_24h,6128,37.68886667754569,47.106938712657445,39.09828908024585
42,val,persistence,6128,43.98139686684073,55.738476311380815,44.549722282364435
42,val,random_forest,6128,34.25049413389647,42.0384610079083,35.18368481016571
42,val,same_hour_of_day,6128,36.75603785900783,48.50824773078519,37.468209506694464
45,val,mean_24h,6125,37.87070068027211,47.313559468512814,39.255686162479506
45,val,persistence,6125,39.758367346938776,51.35408892171676,40.18304034672763
45,val,random_forest,6125,34.272415208719316,42.005080975531456,35.130642675745726
45,val,same_hour_of_day,6125,36.755102040816325,48.51157825189566,37.46420810180661
48,val,mean_24h,6122,38.06299684199063,47.543033363642095,39.43936524897156
48,val,persistence,6122,36.76674289447893,48.52187912686358,37.47612213922696
48,val,random_forest,6122,34.104643972097826,41.882791986590576,34.769828081926015
48,val,same_hour_of_day,6122,36.76674289447893,48.52187912686358,37.47612213922696
51,val,mean_24h,6119,38.320878956256465,47.80808970011438,39.69733843041148
51,val,persistence,6119,39.77365582611538,51.160423692960265,40.677996485955916
51,val,random_forest,6119,35.18458352099418,43.055460995460415,35.95099005397307
51,val,same_hour_of_day,6119,39.26082693250531,50.40977208589541,39.799834423161066
54,val,mean_24h,6116,38.6448318617833,48.07556964313928,40.04234570010905
54,val,persistence,6116,43.966317854807066,55.60905417712857,44.89470392544734
54,val,random_forest,6116,35.385254496920325,43.38077018628004,36.24879489102808
54,val,same_hour_of_day,6116,39.26814911706998,50.41779340106337,39.81159000965867
57,val,mean_24h,6113,38.90075794754349,48.30379671879433,40.33122692488697
57,val,persistence,6113,47.94797971536071,59.425608215879905,48.77675092556564
57,val,random_forest,6113,35.52871716829642,43.548966047663626,36.58902341477374
57,val,same_hour_of_day,6113,39.27302470145592,50.424152200539154,39.82279899471038
60,val,mean_24h,6110,39.02976677577741,48.434652617093064,40.4890185124841
60,val,persistence,6110,49.43371522094926,60.93086151888643,50.28597010278225
60,val,random_forest,6110,35.72584198669629,43.76154296120531,36.89930035711818
60,val,same_hour_of_day,6110,39.281669394435355,50.43423064045489,39.835631853625884
63,val,mean_24h,6107,39.16440150646799,48.522830601511615,40.67237590366703
63,val,persistence,6107,48.567217946618634,60.310660734768,49.393552015247884
63,val,random_forest,6107,36.02683151326797,44.21723103371574,37.408365496037774
63,val,same_hour_of_day,6107,39.27984280334043,50.43744453641569,39.8433386048244
66,val,mean_24h,6104,39.34364760812582,48.64844723045177,40.93968830920732
66,val,persistence,6104,45.4860747051114,57.098264669859326,45.87450430001855
66,val,random_forest,6104,35.755559584778624,44.02667028744745,37.37192435593989
66,val,same_hour_of_day,6104,39.27146133682831,50.434376278645395,39.84747329546923
69,val,mean_24h,6101,39.492637818936785,48.81309122824781,41.16986765652983
69,val,persistence,6101,41.502704474676285,52.9163643510068,41.77212097959262
69,val,random_forest,6101,35.95423316001791,44.38363956785597,37.48076979323549
69,val,same_hour_of_day,6101,39.27569250942469,50.44164074904284,39.85738893973724
72,val,mean_24h,6098,39.58733054553406,48.96269727462381,41.32197381565544
72,val,persistence,6098,39.269760577238436,50.44111582782494,39.86256024980312
72,val,random_forest,6098,35.45326719944851,43.818011508027645,36.91067455772346
72,val,same_hour_of_day,6098,39.269760577238436,50.44111582782494,39.86256024980312
