min_samples_leaf,max_features,horizon,val_MAE,val_RMSE,train_MAE,fit_seconds
10,0.1,3,20.392171705703714,27.248392590299233,14.45064558077504,6.163392901000009
10,0.1,24,29.6165424144678,36.98175145294793,16.629065599309094,5.902148801999999
10,0.1,72,35.42604040746285,43.82262525973415,16.262206669889487,5.788266646999986
10,0.2,3,20.250664538144083,27.038303913830454,13.962540070813075,15.414999852000022
10,0.2,24,29.959011372145703,37.36449691583896,15.645215514833826,11.521189255999985
10,0.2,72,36.05918440811656,44.70335130706314,14.789281345607318,11.852295601000009
10,0.33,3,20.223465465964683,26.981617274208684,13.654224602968034,24.99190421100002
10,0.33,24,30.08225132104889,37.55237736381988,15.036391052313034,24.448885170999972
10,0.33,72,37.04810811668065,46.049979066778185,14.071652537475192,20.227380785999998
25,0.1,3,20.507839592386993,27.526181210019868,17.15909441806612,4.919798144000026
25,0.1,24,29.522233419364156,36.84879851088844,21.278105817875105,6.697077312000005
25,0.1,72,35.651318707927935,44.02691463591103,21.692687520078355,6.678500607000018
25,0.2,3,20.246704267714083,27.177276991963744,16.7633666586911,9.89233839800005
25,0.2,24,29.79500482271357,37.20694195239147,20.445939143021477,9.52913509199999
25,0.2,72,36.06166492435299,44.57293090209324,20.155982347724084,13.064202386000034
25,0.33,3,20.190360833004952,27.047648034105805,16.521734816637018,17.146912095000005
25,0.33,24,29.97335544451055,37.38082549519054,19.855902476228778,19.699012725000046
25,0.33,72,36.93745161268635,45.73977194776628,19.340843154787926,22.254033061999962
50,0.1,3,20.644791368678874,27.72786670452973,18.578447022915338,4.513356256000009
50,0.1,24,29.385821533204208,36.73337850183076,23.933363839546356,4.947182338000005
50,0.1,72,35.4798836641486,43.70965465361491,25.29801162770511,6.8731183709999755
50,0.2,3,20.367052287839016,27.352699333837723,18.267398326440155,8.38075933600004
50,0.2,24,29.80224969916563,37.17310773364069,23.323441318530254,8.20955421399998
50,0.2,72,36.07691594109164,44.54589070211278,24.043735901488464,8.676973121000003
50,0.33,3,20.25198279864827,27.226169769855353,18.107604487497394,17.59493765900004
50,0.33,24,30.037104787479436,37.55361343912623,22.87573798080238,14.13697947899999
50,0.33,72,37.17430357469212,46.06799576279892,23.299046445612742,18.18197548500001
100,0.1,3,20.80278430571678,27.967296266167423,19.713853817979274,3.6205237040000497
100,0.1,24,29.52271125656749,36.8728805675816,25.679172054965747,3.8074066850000463
100,0.1,72,35.29515270990152,43.3355946820808,28.084549725065706,4.327771224999992
100,0.2,3,20.545920383794012,27.701441919902138,19.464321169602677,12.38829962799997
100,0.2,24,29.836153136882256,37.279619074185526,25.28910126455816,15.695646659999966
100,0.2,72,36.18850885300078,44.58672481155968,27.20419775076109,11.524597048000032
100,0.33,3,20.37259288446933,27.438143755729854,19.348660955402536,21.38229742799996
100,0.33,24,29.96382297569724,37.45129208971144,25.06837341716969,14.837583234000022
100,0.33,72,36.77504093718322,45.408908920321345,26.56297740517108,19.17890365599999
