min_samples_leaf,max_features,mean_val_RMSE,mean_val_MAE,mean_train_MAE
10,0.1,36.01758976766044,28.478251509211457,15.78063928332454
50,0.1,36.056966619991805,28.503498855343896,22.603274163388935
100,0.1,36.05859050527661,28.540216090728595,24.49252519933691
25,0.1,36.133964785606445,28.560463906559693,20.04329591867319
25,0.2,36.31904994881615,28.701124671593547,19.121762716478887
50,0.2,36.357232589863735,28.74873930936543,21.878191848819625
10,0.2,36.36871737891085,28.756286772802113,14.799012310418073
100,0.2,36.52259526854911,28.856860791225685,23.985873394973975
25,0.33,36.72274849235421,29.033722630067285,18.57282681588457
100,0.33,36.76611492192088,29.037152265783263,23.660003925914435
10,0.33,36.86132456826892,29.117941634564744,14.25408939758542
50,0.33,36.94925965726017,29.154463720273274,21.42746297130417
