h,seg,model,n,MAE,RMSE,bias,corr,level_acc,n_hi,MAE_hi,bias_hi
3,train,xgb,28621,14.625843263947777,19.72036819055345,-0.011125601627913241,0.9305529797986777,71.07718109080746,8527,16.07523551736024,-11.416556762645207
3,train,rf,28621,14.447758237686704,22.655821389155925,0.04394367458433979,0.9086982057939883,72.44680479368296,8527,17.90412750764603,-13.008822244823381
3,train,avg,28621,14.41108387652775,20.48485960633824,0.016409036478213273,0.9264720758670637,71.85982320673632,8527,16.82251098512891,-12.212689503734293
3,train,clim,28621,40.72246658581026,53.44640788646601,3.559044289108276e-15,-9.001662444268788e-16,27.133922644212294,8527,60.923394779999235,-60.923394779999235
3,val,xgb,6167,19.109721728578965,25.707012433000244,-3.253579656985391,0.7892823467397835,60.93724663531701,1811,26.790960466710327,-24.615474483968143
3,val,rf,6167,20.388533006463877,27.21997555986695,-3.0765547951858365,0.758249021032513,59.07248256850981,1811,28.334198101443416,-26.985366307628496
3,val,avg,6167,19.60263579025017,26.270614152935714,-3.165067226085614,0.7785348031499244,60.33727906599643,1811,27.427356779886885,-25.80042039579832
3,val,clim,6167,35.653745790780576,41.44498111655222,2.0392023244891484,-1.1970709324309277e-15,29.155180801037783,1811,49.015245222647486,-49.015245222647486
3,test,xgb,6168,17.510724892102946,23.23765922952933,-3.832798659105709,0.8142932948436788,63.651102464332034,1834,24.49446249476176,-22.234228772711468
3,test,rf,6168,18.63128944661335,24.53060336817774,-4.029546550155497,0.789659220940754,61.786640726329445,1834,26.095820702163646,-24.364112747110724
3,test,avg,6168,17.933661820060536,23.708894409919544,-3.931172604630603,0.8061849902582814,62.87289234760052,1834,25.17220104977255,-23.299170759911096
3,test,clim,6168,33.60045611072312,39.289594168848666,-0.3663509456359077,-7.177919604924187e-16,31.793125810635537,1834,49.088395069668636,-49.088395069668636
6,train,xgb,28615,16.51034997789755,21.594865372785446,0.0009302537549152338,0.917156910793796,67.48558448366242,8521,18.772197561775513,-14.537260008311554
6,train,rf,28615,15.716169129275313,23.255385354009583,0.09137629403358101,0.9067233497442277,70.00174733531365,8521,19.73899388692307,-15.467121463848525
6,train,avg,28615,15.98298260907058,21.77771941593228,0.04615327389424823,0.9186057993955383,68.78210728638827,8521,19.082336796158124,-15.002190736080038
6,train,clim,28615,40.72042772374784,53.44774526282038,3.0512490431662106e-15,2.1531861168733018e-15,27.139612091560373,8521,60.94359110688554,-60.94359110688554
6,val,xgb,6164,25.86426652243662,32.95308513120677,-4.538130526879947,0.6152813600718136,49.302401038286824,1810,38.37224254292019,-37.06163616707312
6,val,rf,6164,26.97021118161808,33.99430210610239,-3.9823664901456777,0.578826580924045,47.696301103179756,1810,39.522377824719634,-38.698258899269746
6,val,avg,6164,26.282543934779582,33.30011359962218,-4.260248508512812,0.6032707902787297,48.99415963659961,1810,38.85479901837507,-37.87994753317144
6,val,clim,6164,35.659767751809895,41.45095174260169,2.041151725286686,1.1297685576293585e-15,29.136924075275793,1810,49.0329396841088,-49.0329396841088
6,test,xgb,6165,24.2758317419889,30.984990218560917,-6.027698196324505,0.6330585222740954,52.52230332522303,1831,35.931205553672534,-34.68110303394395
6,test,rf,6165,25.420269316391774,32.19345860742689,-5.867840906547437,0.5917594684740857,49.24574209245742,1831,37.68622216188812,-36.730867889999
6,test,avg,6165,24.714423333199203,31.415454007969707,-5.947769551435971,0.6186667711911953,50.900243309002434,1831,36.71843703014855,-35.70598546197147
6,test,clim,6165,33.57933641221468,39.26366988611113,-0.3392966358906073,-6.331291715562112e-16,31.808596918085968,1831,49.05434392235073,-49.05434392235073
9,train,xgb,28609,18.346486570567684,23.85150605736918,-0.007047514292272861,0.8987793337313348,64.210563109511,8517,21.752888837946234,-17.725099112795206
9,train,rf,28609,15.929187611276404,23.578593465712327,0.06064856767126939,0.9063871748129544,69.75427313083296,8517,20.313357871860166,-16.510096093444503
9,train,avg,28609,17.022018166684994,23.09889658058765,0.026800526689498373,0.9095144388958033,67.26554580726345,8517,20.899039545204772,-17.117597603119854
9,train,clim,28609,40.72095723362828,53.4506852056432,9.664315052569827e-15,1.2382973511272932e-15,27.138313118249503,8517,60.959695941014026,-60.959695941014026
9,val,xgb,6161,27.911550929573057,35.27148615726156,-5.786718968194987,0.5421239257409082,46.59957799058594,1809,42.67424926842162,-41.874163984527506
9,val,rf,6161,29.252342702616115,36.50761470613633,-5.056396317398095,0.4875010336148793,42.85018665801007,1809,44.59636782967089,-44.14712076505144
9,val,avg,6161,28.468878980023014,35.71574286696476,-5.42155764279654,0.52262026811848,45.073851647459826,1809,43.57273043859196,-43.01064237478948
9,val,clim,6161,35.66337174341759,41.4562142648313,2.0480472633932014,1.7434070818528483e-15,29.11864956987502,1809,49.048305182388866,-49.048305182388866
9,test,xgb,6162,26.63987052382606,33.77770688139454,-7.362254886571481,0.5437027944253455,48.734177215189874,1828,41.09791925125623,-40.00921986035237
9,test,rf,6162,27.829766640129606,34.998362130221494,-7.140332745278702,0.4902665320337343,44.612138915936384,1828,43.13591123285404,-42.357233273038304
9,test,avg,6162,27.12487021547866,34.23728545426798,-7.2512938159250915,0.5233951069501817,46.91658552418046,1828,42.05844803855508,-41.18322656669533
9,test,clim,6162,33.56093281962587,39.24252790076922,-0.31246528633735676,-1.6455585094784112e-16,31.824083089905876,1828,49.0265642638355,-49.0265642638355
12,train,xgb,28603,17.641984916235966,22.92738181614649,-0.007325018285367179,0.9073766130685997,65.29035415865468,8515,20.727465548826117,-16.945207970574963
12,train,rf,28603,16.04339957360371,23.524821712461232,0.03329354343214445,0.9081679989308836,69.25497325455372,8515,20.57331870713464,-16.877706916433734
12,train,avg,28603,16.730821160557255,22.606113244405844,0.012984262573388698,0.9145201924783781,67.48942418627418,8515,20.516130388067623,-16.91145744350435
12,train,clim,28603,40.72513262105241,53.45521540172888,9.157587459728117e-15,-8.803598319108637e-17,27.133517463203162,8515,60.967892777365314,-60.967892777365314
12,val,xgb,6158,28.497793463384536,35.83995181058752,-4.9709648015863825,0.5150552994071914,44.93341994153946,1806,42.41314652486233,-41.579207081335326
12,val,rf,6158,29.278217637435766,36.64072358268875,-5.001520417969892,0.4809877926869064,43.26079896070152,1806,44.77448123247775,-44.438208295433455
12,val,avg,6158,28.739788364143507,36.023314210781116,-4.986242609778137,0.5075009777209033,44.54368301396558,1806,43.494779770210044,-43.00870768838439
12,val,clim,6158,35.65747552105297,41.45235142472478,2.07006862159114,-2.1154765761400342e-15,29.132835336148098,1806,49.053075982821916,-49.053075982821916
12,test,xgb,6159,27.25114627967583,34.45144860194735,-6.394300944852759,0.509977501335927,46.40363695405098,1825,41.35885629732315,-40.265064776694935
12,test,rf,6159,27.737502316205614,34.83369387188862,-7.240589117201244,0.49611360115408537,45.153433999025815,1825,43.31583630589695,-42.57452648918173
12,test,avg,6159,27.24452284288046,34.293551214673,-6.817445031027003,0.5159315242733241,47.10180224062348,1825,42.246824391320295,-41.41979563293833
12,test,clim,6159,33.54072904822538,39.21725147996762,-0.2782837790998484,4.9077140802115e-16,31.839584348108456,1825,48.98633983694591,-48.98633983694591
15,train,xgb,28597,18.488702732461956,23.91539565652304,-0.012265873225447173,0.8991138099067453,63.97524215826835,8513,21.989835567288402,-18.28195149921214
15,train,rf,28597,15.831308295148487,23.349835847687746,0.038222424228761535,0.9102908622547978,69.94439976221281,8513,20.484635281420115,-16.696373556194903
15,train,avg,28597,17.03929239004943,22.987302968401668,0.012978275501657213,0.9121075266875048,66.86715389726196,8513,21.10063635623513,-17.489162527703517
15,train,clim,28597,40.72830596697783,53.45938321677832,5.088616018591759e-15,-1.665765202794316e-16,27.128719795782775,8513,60.97516618256872,-60.97516618256872
15,val,xgb,6155,28.713611159646153,36.04715336295393,-4.179100425837971,0.5029405027647766,44.37043054427295,1806,41.8822770778787,-40.90500665793519
15,val,rf,6155,29.674147363531766,37.05176991958429,-4.815744979025912,0.4614576137533913,42.77822908204711,1806,44.83529020944568,-44.50936989963526
15,val,avg,6155,29.03899704658575,36.34206104274969,-4.497422702431941,0.4914992733427889,43.996750609260765,1806,43.22916031465089,-42.70718827878523
15,val,clim,6155,35.668314113945186,41.46131984172449,2.0754831468889794,-1.471965949856373e-15,29.0982940698619,1806,49.055055008712934,-49.055055008712934
15,test,xgb,6156,27.45348455070907,34.41209774432249,-5.997314265984231,0.5066595160713212,46.62118258609487,1822,41.39200328655222,-40.15528846598352
15,test,rf,6156,27.858357339146036,34.86641805139022,-7.014958616719002,0.492045001023728,45.305393112410655,1822,43.58344538410605,-42.91982136699209
15,test,avg,6156,27.499524165015536,34.40800075660904,-6.506136441351615,0.5081002286311007,46.03638726445744,1822,42.403423654843166,-41.537554916487814
15,test,clim,6156,33.53253110720616,39.21092548516917,-0.25598368699779656,,31.855100714749838,1822,48.98648676503683,-48.98648676503683
18,train,xgb,28591,24.55541190021682,31.590296341612923,-0.02328043843586528,0.8313051445663854,53.36294638172851,8511,32.109134732787496,-30.33582394294797
18,train,rf,28591,16.10906747388553,23.530448268822063,0.07103138933328834,0.9089409583359023,69.74222657479626,8511,20.712735467221215,-16.99683682589501
18,train,avg,28591,20.14201446498321,27.08473215763381,0.023875475448711624,0.8830687256552683,62.14193277604841,8511,26.098366486187214,-23.66633038442149
18,train,clim,28591,40.73146349474124,53.46307955436932,1.068833618256458e-14,,27.12042251058025,8511,60.982118892313885,-60.982118892313885
18,val,xgb,6152,29.937859149531054,36.809811223434274,-4.133838236874505,0.4764285102889018,41.108582574772434,1806,44.93691317451621,-44.843861530257485
18,val,rf,6152,29.19247059718229,36.56870411468697,-4.706307538020664,0.4831477459512411,43.790637191157344,1806,43.539645386930346,-43.262569551949035
18,val,avg,6152,29.50522717961238,36.58917965893316,-4.420072887447584,0.4834522676382439,42.26267880364109,1806,44.20427952385594,-44.053215541103256
18,val,clim,6152,35.67732643207673,41.469441199831685,2.072511377333324,-1.3064108913281182e-15,29.07997399219766,1806,49.05941323604183,-49.05941323604183
18,test,xgb,6153,27.500481478900188,34.0360445688333,-6.5178158724577315,0.5337855649739912,43.84852917276125,1821,43.67298931056886,-43.54815657907368
18,test,rf,6153,27.05561044108248,33.86971849001991,-6.796232252565221,0.5329769746088887,46.4813911912888,1821,42.15769419276177,-41.40662896651197
18,test,avg,6153,27.172151149130542,33.83683340344966,-6.657024062511477,0.5363928575284677,45.42499593694133,1821,42.82485139030231,-42.47739277279282
18,test,clim,6153,33.53489388778925,39.215451247068394,-0.2467655958285096,-1.7338937122609461e-16,31.838127742564602,1821,48.99883628314275,-48.99883628314275
21,train,xgb,28585,21.799533716481697,28.19734978315198,-0.025559248164418655,0.857108658592843,58.544691271645966,8508,26.99999407349924,-23.684722888733113
21,train,rf,28585,16.298730436084657,23.81012863801414,0.05598016261405809,0.9064494670859089,69.36155326220046,8508,20.976025067536938,-17.308439773207088
21,train,avg,28585,18.952811491467607,25.553340844703097,0.015210457224819814,0.8897315184884647,64.1175441665209,8508,23.88279838358994,-20.4965813309701
21,train,clim,28585,40.730450570000585,53.46463185302125,7.127053111671714e-15,-1.697841590290696e-15,27.115620080461785,8508,60.991361110994596,-60.991361110994596
21,val,xgb,6149,29.48020713708133,36.733036704247404,-4.613381378823983,0.4756204372396719,43.047650024394216,1806,43.331646814694835,-42.69816144096231
21,val,rf,6149,29.252769273763914,36.56607903937148,-4.787846379708945,0.48410510240332805,43.958367214181166,1806,43.41460440867639,-43.04158130114866
21,val,avg,6149,29.313852873406073,36.567177939609174,-4.700613879266463,0.4835826471728136,43.03138721743373,1806,43.33418767339802,-42.869871371055496
21,val,clim,6149,35.69315664098421,41.47909421118686,2.065526447713402,1.3531463171150406e-15,29.04537323141974,1806,49.068111232435896,-49.068111232435896
21,test,xgb,6150,26.8445029368827,33.510707147563544,-6.8422218347564945,0.5488239024285301,46.666666666666664,1820,41.698333082094294,-40.89845412956489
21,test,rf,6150,26.810498970581854,33.479823272419544,-6.859463616470476,0.5500056255359412,46.146341463414636,1820,41.764041620721976,-41.02585062066918
21,test,avg,6150,26.777052087810926,33.42186549982827,-6.850842725613485,0.5526634536361583,46.53658536585366,1820,41.7142571324914,-40.962152375117036
21,test,clim,6150,33.53664302301935,39.219337805617535,-0.24154882528359545,-7.221074346708232e-16,31.821138211382117,1820,49.01113874755644,-49.01113874755644
24,train,xgb,28579,22.66667234878009,29.13808624612024,-0.055275648126342225,0.8482442716658082,56.901920990937406,8505,28.287645345123845,-25.547928272675655
24,train,rf,28579,16.593892816576293,24.07528659803997,0.053668574132034304,0.9047302546842945,68.63431190734455,8505,21.304136461486156,-17.70418566793883
24,train,avg,28579,19.530661350464396,26.163329362540306,-0.0008035369971539916,0.8854054042442779,63.1232723328318,8505,24.663038416052213,-21.62605697030724
24,train,clim,28579,40.73264731632219,53.467770317246426,-7.128549396309735e-15,-8.332764478971516e-16,27.110815633857026,8505,61.00013880683759,-61.00013880683759
24,val,xgb,6146,30.19847862176619,37.43337643752613,-5.777953510675452,0.4511850299584966,42.88968434754312,1806,45.57922598161835,-44.77822592092115
24,val,rf,6146,29.613108187892355,36.961031343406134,-5.479698660560468,0.47105019696762596,44.04490725675236,1806,44.44785843798157,-43.9948466298052
24,val,avg,6146,29.8634862914314,37.13249893272851,-5.62882608561796,0.46417002052246614,43.76830458835015,1806,44.99768949311309,-44.38653627536317
24,val,clim,6146,35.70967427117007,41.489001707006494,2.061984371408089,,29.01073869183209,1806,49.072229095723756,-49.072229095723756
24,test,xgb,6147,27.301514303003536,34.05111498764471,-7.795205162349941,0.535440695479654,45.534407027818446,1817,43.44743844317288,-42.770603186229984
24,test,rf,6147,27.206479759044957,33.964087557042156,-7.638441221984502,0.5360953839124519,45.74589230518952,1817,43.157691062238875,-42.14282697993759
24,test,avg,6147,27.20468196976411,33.932253334177176,-7.7168231921672215,0.5390520638716723,45.46933463478119,1817,43.28055351725553,-42.456715083083786
24,test,clim,6147,33.51900572279695,39.198771234727495,-0.2120539407309237,,31.836668293476496,1817,48.98206520126324,-48.98206520126324
27,train,xgb,28576,28.758593008472833,36.54517564734416,-0.050312470215031706,0.8007508775955139,44.46038633818589,8504,39.84504800098523,-39.332542999892
27,train,rf,28576,16.5843025994498,24.026412574274055,0.06283955997026185,0.9071946012510118,68.29857222844345,8504,21.673002050197372,-18.224557157640746
27,train,avg,28576,22.250829130812438,29.5117313184526,0.006263544877614817,0.878671354117004,58.87458006718925,8504,30.038175945028932,-28.778550078766372
27,train,clim,28576,40.7354751879117,53.47034910790004,6.110826663647894e-15,,27.10666293393057,8504,61.00293577674796,-61.00293577674796
27,val,xgb,6143,33.33979606597369,40.158073481604895,-4.714683725219508,0.27309773586425645,32.78528406316133,1806,50.90823954838851,-50.907588557415494
27,val,rf,6143,32.150750320744464,39.60553844356292,-5.725800368374519,0.33606251485786026,39.133973628520266,1806,48.978787338940705,-48.55492743233361
27,val,avg,6143,32.585538095659,39.70529055487125,-5.220242046797013,0.31527305689138135,37.359596288458405,1806,49.8270806856946,-49.73125799487456
27,val,clim,6143,35.72313645672138,41.49852729972887,2.059421928272043,,28.976070323945958,1806,49.07178657616331,-49.07178657616331
27,test,xgb,6144,30.332631518443424,37.09355500233238,-7.1778534501791,0.3751789196953184,36.5234375,1814,49.794604401341346,-49.69231503117571
27,test,rf,6144,29.567276548178853,36.877841836913156,-8.454657960917105,0.405751585860208,41.95963541666667,1814,48.28255430144273,-47.482412362173555
27,test,avg,6144,29.74791917336026,36.78999667072184,-7.816255705548102,0.39829056887696396,39.74609375,1814,48.83552331102357,-48.58736369667462
27,test,clim,6144,33.50979100505378,39.19077566736687,-0.18610386921425595,,31.852213541666668,1814,48.97588488377692,-48.97588488377692
30,train,xgb,28573,31.919494556545423,40.81662277014279,-0.06137922824553487,0.7875847086392913,35.222062786546736,8504,45.880263101572375,-45.74696754534516
30,train,rf,28573,16.05391652645402,23.3004149428829,0.07534547536767155,0.9139425947213919,69.22269275189863,8504,20.921024728911792,-17.58290255207135
30,train,avg,28573,23.336335804428625,30.867954786122983,0.0069831235610681806,0.8889091998866344,56.234907080110595,8504,32.35176946196193,-31.664935048708248
30,train,clim,28573,40.73969604544742,53.47345786976154,5.092890220966245e-15,-1.0649185792673474e-15,27.099009554474502,8504,61.00339189129169,-61.00339189129169
30,val,xgb,6140,34.43082597216876,40.82782964154329,-2.738129929533222,0.18737670145615798,29.446254071661237,1806,51.21227358609999,-51.21227358609999
30,val,rf,6140,33.5314528089675,41.103425682462216,-6.008278344740574,0.2513084329601253,36.384364820846905,1806,50.988717778784405,-50.74483422200246
30,val,avg,6140,33.717696484760275,40.652528036736015,-4.373204137136897,0.2338852919933786,33.32247557003257,1806,50.9963801039054,-50.97855390405123
30,val,clim,6140,35.72916896899661,41.50539036819527,2.049994750288736,,28.990228013029316,1806,49.07071399832698,-49.07071399832698
30,test,xgb,6141,31.5404278833302,38.01226895750818,-5.557425863753311,0.28845696074529864,32.74710959127178,1811,51.01173966658965,-51.01173966658965
30,test,rf,6141,30.812677133618624,38.4431339021728,-9.01029744587075,0.32590232685511505,40.05862237420615,1811,50.56452428133477,-50.06908646084137
30,test,avg,6141,30.845555342129575,37.85717349608471,-7.283861654812031,0.3187474118833762,36.52499592900179,1811,50.561442437091486,-50.540413063715505
30,test,clim,6141,33.506635372312296,39.190311536750386,-0.16552389488306102,,31.867773978179446,1811,48.989486199462775,-48.989486199462775
33,train,xgb,28570,32.31097764391394,41.339607714926935,-0.06410939634200949,0.7826127753444646,33.748687434371725,8504,46.55672382613117,-46.432146457266605
33,train,rf,28570,15.943204736966994,23.298946950599767,0.044542843484738456,0.9140504230527325,69.55197759887994,8504,20.80248968615141,-17.570182840173878
33,train,avg,28570,23.466076746325797,31.090148860902104,-0.009783276428635865,0.8889226488915091,55.90129506475324,8504,32.63104310098,-32.001164648720234
33,train,clim,28570,40.742788493992435,53.47557920281943,-3.056055000707074e-15,,27.091354567728388,8504,61.00138698139047,-61.00138698139047
33,val,xgb,6137,34.540147595827484,40.93840809208794,-2.9063685384386426,0.17593623733339323,29.31399706697083,1806,51.58523707004348,-51.58523707004348
33,val,rf,6137,33.90350530826923,41.57067285301368,-5.972292122751684,0.2185472367554064,35.76666123513117,1806,51.457952599206514,-51.24743642107642
33,val,avg,6137,33.99631745122761,40.97330103699853,-4.439330330595163,0.20730148037243,32.638096789962525,1806,51.42755194981566,-51.41633674555996
33,val,clim,6137,35.744183803617425,41.515343961914525,2.0477924173216975,,28.95551572429526,1806,49.07153128974279,-49.07153128974279
33,test,xgb,6138,31.647727551154183,38.093861030864616,-5.608685982891542,0.28401102259681743,32.60019550342131,1808,51.36421466084708,-51.36421466084708
33,test,rf,6138,31.239260038201934,38.947105324663184,-9.256569497645893,0.29620049449067803,38.334962528510914,1808,51.62330255197639,-51.270052791492965
33,test,avg,6138,31.151104781602058,38.16448559844069,-7.432627740268717,0.29667763903858785,35.956337569240794,1808,51.338204896239645,-51.31713372617003
33,test,clim,6138,33.50123104884472,39.187567065333255,-0.14469676725934608,,31.883349625285106,1808,48.997835815463354,-48.997835815463354
36,train,xgb,28567,36.00403121294988,46.522768805978366,-0.027891519268555473,0.7701167320175006,27.12220394161095,8504,53.18775086120289,-53.18208749274095
36,train,rf,28567,16.041262288533932,23.2810614447615,0.03515175013211745,0.9148425986670554,69.3037420800224,8504,21.02132379511198,-17.857125031775595
36,train,avg,28567,25.12184138039398,33.193092870156356,0.0036301154317811496,0.8988535457489469,50.66685336227115,8504,35.82300447937333,-35.51960626225827
36,train,clim,28567,40.74854818865461,53.482250765779526,3.056375936227154e-15,5.867141434021897e-16,27.090699058354044,8504,61.006220946607954,-61.006220946607954
36,val,xgb,6134,35.007425307605644,41.00275219291536,-0.2706729887672228,0.15450152211720689,28.92076948157809,1806,49.94946716156513,-49.94946716156513
36,val,rf,6134,34.19903204104187,41.78682900180605,-5.23576144725454,0.19667601362696507,35.229866318878386,1806,51.28954195489651,-51.11440339086591
36,val,avg,6134,34.23067560558978,40.89400211759766,-2.7532172180108816,0.1898127521546528,29.866318878382785,1806,50.53193527621552,-50.53193527621552
36,val,clim,6134,35.76062812151925,41.52566787749399,2.053098728346584,2.2307752999715466e-15,28.92076948157809,1806,49.06695791723685,-49.06695791723685
36,test,xgb,6135,32.24249738275082,38.24411779189512,-2.6031033529143266,0.2694084039559761,31.898940505297475,1805,49.768865535662115,-49.768865535662115
36,test,rf,6135,31.11955360318764,38.898949137915956,-8.958653598293413,0.2938508110625309,39.266503667481665,1805,51.41753159032806,-51.09101983672716
36,test,avg,6135,31.151411593835803,37.90496380697186,-5.7808784756038705,0.29340626613449106,33.82233088834556,1805,50.42994268619464,-50.42994268619464
36,test,clim,6135,33.49162658516879,39.17895104894067,-0.11389383039782804,6.858239580880438e-16,31.898940505297475,1805,48.98530734036628,-48.98530734036628
39,train,xgb,28564,36.043762342717166,46.55993540074909,-0.03227000389424981,0.7663287302432267,27.107547962470242,8503,53.27470826121284,-53.26117800600765
39,train,rf,28564,15.95211695477554,23.331152432280046,0.04763886501696976,0.914026203983209,69.40904635205153,8503,21.005175416187136,-17.76721983300566
39,train,avg,28564,25.088111454701036,33.210778127665854,0.0076844305613596895,0.8980224020563571,50.73169023946226,8503,35.872791668034715,-35.514198919506654
39,train,clim,28564,40.74617871308912,53.48079362467143,3.0566969391612207e-15,-2.097470922661213e-15,27.093544321523595,8503,61.00085714864954,-61.00085714864954
39,val,xgb,6131,35.123059467047504,41.17834736169064,-0.5340749429190379,0.12194888341504205,28.88598923503507,1806,50.42364700925707,-50.42364700925707
39,val,rf,6131,34.4466285181399,42.0800816407433,-5.29503101735627,0.18741713607055357,34.62730386560104,1806,51.10493553775768,-50.884423663993495
39,val,avg,6131,34.378742074813175,41.10438631623932,-2.914552980137654,0.17507362512121302,29.66889577556679,1806,50.654035336625284,-50.654035336625284
39,val,clim,6131,35.77313964622157,41.53481629741376,2.056321131832234,,28.88598923503507,1806,49.06952544095572,-49.06952544095572
39,test,xgb,6132,32.31860573651039,38.30811698988005,-3.1049086874945058,0.2643370266113028,31.898238747553815,1803,50.22703066893042,-50.22703066893042
39,test,rf,6132,31.159685368902796,38.82179764086771,-8.588681157004375,0.2967704997913523,39.18786692759296,1803,50.94466523096651,-50.57671593655325
39,test,avg,6132,31.23415266181621,37.902154219137955,-5.846794922249441,0.29439836503877687,34.31180691454664,1803,50.40341928690384,-50.40187330274183
39,test,clim,6132,33.490818937124565,39.18065039699167,-0.0995016238468561,,31.898238747553815,1803,48.998456182079316,-48.998456182079316
42,train,xgb,28561,36.07604665473406,46.623013089015814,-0.042860717175074566,0.7631908254535572,27.127901684114704,8502,53.329988244056025,-53.31848014862053
42,train,rf,28561,16.093231373633017,23.396535790120907,0.07774856709454826,0.9144003036407435,69.1747487833059,8502,21.06758627438373,-18.064517836848083
42,train,avg,28561,25.206293618956497,33.330456934901584,0.017443924959736595,0.8977681460139663,50.37288610342775,8502,36.00413472101164,-35.69149899273432
42,train,clim,28561,40.747473743850826,53.481621630103724,1.222807203812207e-14,,27.089387626483667,8502,60.99960704311506,-60.99960704311506
42,val,xgb,6128,35.081757250404856,41.14483033192059,-0.7319927850529045,0.12976000347779876,28.883812010443865,1806,50.40194910414855,-50.40194910414855
42,val,rf,6128,34.25049413389647,42.0384610079083,-5.447376829092841,0.2041725677247279,36.17819843342037,1806,50.57272695274062,-50.2007523934017
42,val,avg,6128,34.19381652955329,41.002439978834566,-3.0896848070728726,0.19036269684518506,30.972584856396868,1806,50.30517775408807,-50.30135074877512
42,val,clim,6128,35.77755504616887,41.53904091055194,2.043056931511083,1.8852176509540093e-15,28.883812010443865,1806,49.07079803120386,-49.07079803120386
42,test,xgb,6129,32.3170888611029,38.33326208977042,-2.8760699065051747,0.25384338580275173,31.864904552129218,1803,50.04983129094061,-50.04983129094061
42,test,rf,6129,30.893788062483814,38.57841685298893,-8.996315770245776,0.3212611161203485,40.202316854299234,1803,50.5705387526374,-50.068004390904235
42,test,avg,6129,31.03437879640818,37.714413726074845,-5.936192838375474,0.3119627811735946,35.552292380486215,1803,50.05973890043485,-50.05891784092242
42,test,clim,6129,33.503803536683776,39.18984448525488,-0.09750321634568068,4.98871828708627e-16,31.864904552129218,1803,48.99972877232745,-48.99972877232745
45,train,xgb,28558,35.77126891873983,46.13834823382157,-0.03195004116229061,0.7609983451440222,27.116744870088944,8501,52.74753794475466,-52.732783483710094
45,train,rf,28558,16.279988356218535,23.674588283309223,0.042983201403324525,0.911933756221789,69.04895300791371,8501,21.330323823884207,-18.368261215805205
45,train,avg,28558,25.187718689382816,33.2717676793642,0.005516580120516765,0.8942420599701668,50.749352195531905,8501,35.876423980665024,-35.55052234975765
45,train,clim,28558,40.74683561845536,53.48160778202861,3.0573391473562962e-15,1.822767426926993e-15,27.08523005812732,8501,61.00022124090829,-61.00022124090829
45,val,xgb,6125,35.043657286352044,41.14889446279422,-0.9698420260682398,0.13097053046770593,28.89795918367347,1806,50.6579441818288,-50.6579441818288
45,val,rf,6125,34.272415208719316,42.005080975531456,-5.649324153315114,0.2106603848326682,36.27755102040816,1806,50.672512559569505,-50.18259692804168
45,val,avg,6125,34.196759872816976,40.99575617124246,-3.3095830896916776,0.19472314241826183,31.47755102040816,1806,50.42027055493525,-50.42027055493525
45,val,clim,6125,35.77890992194903,41.542730455585335,2.0232584457552223,1.975394330791841e-15,28.89795918367347,1806,49.07581764979927,-49.07581764979927
45,test,xgb,6126,32.21113090378142,38.26991577671605,-3.5469272562463496,0.27301303489606404,31.847861573620634,1802,50.46126930668669,-50.46126930668669
45,test,rf,6126,30.63090294277654,38.24076924340307,-9.114656858501327,0.33948407526854596,40.43421482206986,1802,50.21292882077911,-49.814949825962906
45,test,avg,6126,30.926166405085898,37.578894983394484,-6.330792057373839,0.3295047575972998,35.945151811949074,1802,50.13952571009258,-50.1381095663248
45,test,clim,6126,33.51245562724307,39.196318987173036,-0.0951676670993228,9.613735836186403e-16,31.847861573620634,1802,49.010602796855025,-49.010602796855025
48,train,xgb,28555,36.18301316710325,46.63880119809261,-0.045905094350455124,0.7630754128669524,27.09507967081072,8504,53.44104194461683,-53.440571588496496
48,train,rf,28555,16.493400867135147,23.71186556082475,0.06596596910825546,0.9121504776926999,68.62195762563475,8504,21.50566623283977,-18.63354252022926
48,train,avg,28555,25.469482027108995,33.51721283901514,0.010030437378900518,0.8957652051045788,49.74960602346349,8504,36.30918463289975,-36.03705705436288
48,train,clim,28555,40.75110243371554,53.48548021554363,5.605710646543e-15,8.444196682365031e-16,27.06706356154789,8504,60.99533806374224,-60.99533806374224
48,val,xgb,6122,35.230199630024465,41.29708437506375,-1.0808180217375283,0.10430980154303025,28.879451159751717,1806,51.101269549837674,-51.101269549837674
48,val,rf,6122,34.104643972097826,41.882791986590576,-6.099377694775101,0.22406951783502785,36.81803332244365,1806,50.8642756402477,-50.35086625194539
48,val,avg,6122,34.14525318327788,40.924962851481936,-3.5900978582563154,0.20175393020345475,31.34596537079386,1806,50.72606790089153,-50.72606790089153
48,val,clim,6122,35.79063579166645,41.55167499629191,2.0202131629149735,1.1436761996499451e-15,28.879451159751717,1806,49.07583044359034,-49.07583044359034
48,test,xgb,6123,32.37071456298629,38.420587890460276,-3.326307422289676,0.24018964068583804,31.863465621427405,1799,50.558186232612954,-50.558186232612954
48,test,rf,6123,30.79920875863425,38.412728655045115,-9.355070070734856,0.33226651936237295,40.339702760084926,1799,50.67272779085781,-50.11056315408981
48,test,avg,6123,31.03059966292473,37.70290951119079,-6.340688746512267,0.31787683454399357,35.374816266536016,1799,50.334374693351386,-50.334374693351386
48,test,clim,6123,33.49598763777168,39.17709002674938,-0.06234037862640882,1.9184690889892656e-15,31.863465621427405,1799,48.98041352376839,-48.98041352376839
51,train,xgb,28552,38.80916402345947,50.543504107217316,-0.022760748495805762,0.7396479663135606,27.05589801064724,8505,57.90782430784482,-57.90782430784482
51,train,rf,28552,16.070862277488008,23.47359441475236,0.06301334514869537,0.9137161008829016,69.29812272345195,8505,21.117569008062073,-18.255327062687787
51,train,avg,28552,26.361921936790676,34.93916942697583,0.02012629832644493,0.9064387177702518,45.660549173437936,8505,38.25000461785987,-38.08157568526631
51,train,clim,28552,40.7518623170901,53.48722866066848,6.115963250924706e-15,4.675017047872466e-16,27.05589801064724,8505,60.994897147344126,-60.994897147344126
51,val,xgb,6119,35.5935418206427,41.48411822365251,0.543203145348377,0.042341972071610515,28.844582448112437,1806,50.19298081170945,-50.19298081170945
51,val,rf,6119,35.18458352099418,43.055460995460415,-6.0392856055199235,0.14824439625740782,34.09053766955385,1806,52.525421625080206,-52.22666189180803
51,val,avg,6119,34.78293748394182,41.42692175698856,-2.7480412300857733,0.13714783336874256,29.285831018140218,1806,51.209821351758734,-51.209821351758734
51,val,clim,6119,35.80130414977331,41.56039121394173,2.0241801015636884,-1.1135665999967305e-15,28.844582448112437,1806,49.07945069313799,-49.07945069313799
51,test,xgb,6120,32.91456240111706,38.724934558529576,-1.4555037467308294,0.22327283934898054,31.87908496732026,1796,49.65950329532071,-49.65950329532071
51,test,rf,6120,31.799302134891086,39.664648320919916,-9.151887000970806,0.2529425434453604,37.549019607843135,1796,52.453792483831876,-51.76851123195006
51,test,avg,6120,31.64039416075416,38.24050004582569,-5.303695373850818,0.25320632691694317,32.69607843137255,1796,50.71400726363539,-50.71400726363539
51,test,clim,6120,33.47254714251443,39.14582310617774,-0.026389003345803207,-1.361931706026383e-16,31.87908496732026,1796,48.930902300869704,-48.930902300869704
54,train,xgb,28549,37.53332294035327,48.64413385832002,-0.04148459986523992,0.747260833023125,27.048232862797295,8506,55.76710171478652,-55.763697759869125
54,train,rf,28549,15.79795493532481,23.094587206062492,0.08992123011353467,0.9169561002464645,69.65918245822971,8506,20.642583387816188,-17.736511458994844
54,train,avg,28549,25.684438897140286,33.981997800798744,0.024218315124147568,0.9050134339353784,47.94563732530036,8506,37.028790919281725,-36.750104609431986
54,train,clim,28549,40.75620716495522,53.490922613336004,-4.077737287713574e-15,1.4114891046765754e-16,27.044730113138815,8506,60.9954826224455,-60.9954826224455
54,val,xgb,6116,35.48287538861511,41.48992059682939,-0.22032423125442296,0.055694782732864115,28.84238064094179,1804,50.66059060107314,-50.66059060107314
54,val,rf,6116,35.385254496920325,43.38077018628004,-5.788012412150973,0.1292164907546946,33.273381294964025,1804,52.43458404736101,-52.29989887214034
54,val,avg,6116,34.946235073300734,41.76074099396567,-3.004168321702698,0.1170604679595772,29.692609548724658,1804,51.48024473660674,-51.48024473660674
54,val,clim,6116,35.7990240626989,41.560490535290256,2.0450755600831383,,28.84238064094179,1804,49.083407905915685,-49.083407905915685
54,test,xgb,6117,32.700621227783884,38.658522947629,-2.228850286888184,0.1850654527797452,31.894719633807423,1793,50.15099557258534,-50.15099557258534
54,test,rf,6117,31.994088338014727,39.94681914069642,-8.980170288372634,0.2358960719314703,37.64917443191107,1793,52.42359013462613,-51.9426691714569
54,test,avg,6117,31.723223034222066,38.49608877395957,-5.60451028763041,0.23080775729706987,34.06898806604545,1793,51.046832372021115,-51.046832372021115
54,test,clim,6117,33.448690085866495,39.113090917363486,0.013932228281950662,1.5338508172390674e-15,31.894719633807423,1793,48.87530525740454,-48.87530525740454
57,train,xgb,28546,38.82149054415632,50.58902610742882,-0.018026105642469065,0.7353509075415577,27.03706298605759,8506,57.908975675194064,-57.908975675194064
57,train,rf,28546,15.856130764836271,23.32356726798217,0.06862624349841312,0.9154475885519922,69.77509983885658,8506,20.765995439042737,-17.903140067345728
57,train,avg,28546,26.26118062803804,34.91223740959957,0.025300068927972312,0.9080488789596819,45.69817137252154,8506,38.09394742978454,-37.906057871269894
57,train,clim,28546,40.759495615148495,53.493537248717736,8.156331663065565e-15,,27.03706298605759,8506,60.995108072707154,-60.995108072707154
57,val,xgb,6113,35.589757935848326,41.48103310798003,0.7198606990625128,0.04269864911561607,28.856535252740063,1801,50.01619177378263,-50.01619177378263
57,val,rf,6113,35.52871716829642,43.548966047663626,-5.154347597238437,0.11930927210097594,33.649599214788154,1801,52.128271847145875,-52.01476829296403
57,val,avg,6113,34.968325969125274,41.68182923691792,-2.2172434490879622,0.11117465868518045,28.725666612138067,1801,51.01548003337332,-51.01548003337332
57,val,clim,6113,35.791504280949745,41.55504323133634,2.0711911983802045,,28.856535252740063,1801,49.0799846983193,-49.0799846983193
57,test,xgb,6114,32.95066854335297,38.75406288914761,-1.2498216026937568,0.17999093365150642,31.910369643441282,1790,49.546642814934586,-49.546642814934586
57,test,rf,6114,31.794027068453154,39.66930219962964,-8.619715646545611,0.2421770330827256,38.20739286882564,1790,51.916504970026544,-51.553265162059276
57,test,avg,6114,31.694570487364235,38.28188816067766,-4.934768624619685,0.23820105739094038,32.319267255479225,1790,50.54995398849693,-50.54995398849693
57,test,clim,6114,33.42758764492417,39.08585802021865,0.05147745052141428,-1.1893385264215523e-17,31.910369643441282,1790,48.82905427170963,-48.82905427170963
60,train,xgb,28543,38.85721468734193,50.58447140394763,-0.02131343037396428,0.7377079090006632,27.039904705181655,8505,57.955947797933376,-57.955947797933376
60,train,rf,28543,15.97921798353258,23.3692718298107,0.06865402239978832,0.9155309600159628,69.49164418596504,8505,21.019207782138444,-18.228039646144115
60,train,avg,28543,26.346002477583774,34.95568942970516,0.023670296012912404,0.9085446760777159,45.436709525978344,8505,38.248923636642516,-38.091993722038744
60,train,clim,28543,40.75640537744087,53.49076517483572,5.608067389974262e-15,2.218356894707443e-15,27.039904705181655,8505,60.99009582023824,-60.99009582023824
60,val,xgb,6110,35.567243065966714,41.49642247740537,0.6819269632941962,0.03919811630701681,28.870703764320787,1798,50.11391151097248,-50.11391151097248
60,val,rf,6110,35.72584198669629,43.76154296120531,-4.738926272670168,0.10838982283921508,33.99345335515548,1798,52.00597508008813,-51.925692645059655
60,val,avg,6110,35.078041559231025,41.8066560517981,-2.0284996546879848,0.10078825870853991,29.132569558101473,1798,51.01980207801606,-51.01980207801606
60,val,clim,6110,35.78956965208205,41.555907936641916,2.092118165758237,1.8769627867668177e-16,28.870703764320787,1798,49.095109686975015,-49.095109686975015
60,test,xgb,6111,32.98705250298873,38.81544531643722,-1.4708938448816524,0.13405958283299751,31.92603501881852,1787,49.81247634332675,-49.81247634332675
60,test,rf,6111,31.70352543979435,39.49338987505813,-7.675021124861368,0.2372883716522052,39.10980199639994,1787,51.19532091590713,-50.789658910991285
60,test,avg,6111,31.718894323885422,38.30052254604213,-4.572957484871509,0.22965401514598152,32.31876943217149,1787,50.30106762715902,-50.30106762715902
60,test,clim,6111,33.40992644496853,39.06493162985915,0.08597344162711225,1.4543901300693836e-15,31.92603501881852,1787,48.794049253601614,-48.794049253601614
63,train,xgb,28540,39.28993194943637,51.277626823139606,-0.019922018819700696,0.7229415938180782,27.039243167484234,8505,58.673562653466995,-58.673562653466995
63,train,rf,28540,15.878899300827678,23.42884319776159,0.05138936290331396,0.9149769926303616,69.60756832515767,8505,20.92491547869942,-18.209565142229774
63,train,avg,28540,26.513618597523088,35.27007774843801,0.01573367204180673,0.9092920704311779,44.63209530483532,8505,38.61109204521477,-38.44156389784839
63,train,clim,28540,40.75460288833485,53.489482024893874,-2.5493894934069466e-15,,27.039243167484234,8505,60.98275537247351,-60.98275537247351
63,val,xgb,6107,35.603207625830564,41.47547341817363,1.0788132395977785,0.0423170447165489,28.88488619616833,1795,49.81259303610969,-49.81259303610969
63,val,rf,6107,36.02683151326797,44.21723103371574,-4.352920547168377,0.09574646479685134,33.48616341902735,1795,51.68968862545656,-51.55562420415639
63,val,avg,6107,35.11621922905143,41.900612693002216,-1.6370536537853,0.0917270330906411,29.146880628786636,1795,50.68410862013304,-50.68410862013304
63,val,clim,6107,35.77816323106883,41.545354773002096,2.125109071591652,-9.529787421217067e-16,28.88488619616833,1795,49.075034696940996,-49.075034696940996
63,test,xgb,6108,33.15129655939188,38.93115343460757,-0.9842383029340683,0.08882306954533686,31.92534381139489,1785,49.524925240481934,-49.524925240481934
63,test,rf,6108,31.90243055395118,39.64287638801559,-7.1357162954641895,0.23396162736445494,39.489194499017685,1785,50.77562244900113,-50.168221987797025
63,test,avg,6108,31.797058206289563,38.31603367230882,-4.059977299199129,0.22311376950728645,32.5147347740668,1785,49.84657361413947,-49.84657361413947
63,test,clim,6108,33.40814011653815,39.06499113363562,0.10716855994114452,-3.2399176737541394e-17,31.92534381139489,1785,48.79727278437654,-48.79727278437654
66,train,xgb,28537,38.83423176420659,50.56471748852537,-0.02464865789344275,0.7384422290842627,27.049094158460946,8502,57.94628781157363,-57.94628781157363
66,train,rf,28537,15.974312560908563,23.35841712472344,0.07165036951630234,0.9163913275112515,69.21540456249781,8502,21.003303611828567,-18.287985394696182
66,train,avg,28537,26.36770044225533,34.98083808455185,0.02350085581142954,0.9097794217400292,45.53036408872691,8502,38.293014078349835,-38.1171366031349
66,train,clim,28537,40.7523803138313,53.48948758060414,1.5297945013526495e-15,-2.1718056238884383e-15,27.049094158460946,8502,60.991698001266776,-60.991698001266776
66,val,xgb,6104,35.55144305372926,41.448645432148886,1.1541212776854028,0.05314819196240655,28.899082568807337,1792,49.628138452768326,-49.628138452768326
66,val,rf,6104,35.75555958477863,44.02667028744745,-3.9089119958009566,0.10711293775291986,34.35452162516383,1792,50.88659592219371,-50.76233541466846
66,val,avg,6104,35.00648568384324,41.84755998417526,-1.377395359057775,0.10166095888956252,29.390563564875492,1792,50.1952369337184,-50.1952369337184
66,val,clim,6104,35.765923574375016,41.53359550546277,2.1566830519307905,2.303561384890902e-15,28.899082568807337,1792,49.054771527033836,-49.054771527033836
66,test,xgb,6105,33.11909039846509,38.9167715438029,-1.0136227307018932,0.09398522550490435,31.891891891891895,1785,49.52629906149472,-49.52629906149472
66,test,rf,6105,31.82585375300928,39.52289158341333,-6.705039631522244,0.235751469889611,39.54135954135954,1785,50.38615079462612,-49.744215071360905
66,test,avg,6105,31.81241673222681,38.32421357491505,-3.8593311811120685,0.2218805285321969,32.366912366912366,1785,49.635257066427805,-49.635257066427805
66,test,clim,6105,33.41897587329833,39.073710450934705,0.11350343420988891,8.044779386866548e-16,31.891891891891895,1785,48.79661982885455,-48.79661982885455
69,train,xgb,28534,39.259976351261976,51.25770541929622,-0.015141451894388876,0.7264681840686547,27.062451811873554,8496,58.66671508314919,-58.66671508314919
69,train,rf,28534,16.057322055217263,23.525516388486725,0.06012413552243881,0.9151554985197008,69.31730567042827,8496,21.101749530272144,-18.494332291798504
69,train,avg,28534,26.610507579888335,35.36659016837082,0.022491341814025158,0.909609630379805,44.8237190719843,8496,38.729539623441276,-38.58052368747385
69,train,clim,28534,40.74501210870954,53.48587889173029,-5.099851134915137e-16,-5.506432896756338e-16,27.062451811873554,8496,61.00620482559083,-61.00620482559083
69,val,xgb,6101,35.58171452070685,41.47784516694045,1.1829327588158736,0.03742020985132065,28.913292902802816,1789,49.82145703711811,-49.82145703711811
69,val,rf,6101,35.95423316001791,44.38363956785597,-4.282156403454338,0.10057345636250165,34.58449434518931,1789,51.40562513288858,-51.15140036048525
69,val,avg,6101,35.022243256721346,41.90112902198692,-1.549611822319232,0.09586432019957898,29.78200295033601,1789,50.48642869880167,-50.48642869880167
69,val,clim,6101,35.76439723154198,41.535007797366696,2.165400405066615,2.4528925003204553e-15,28.913292902802816,1789,49.08537916364119,-49.08537916364119
69,test,xgb,6102,33.23797481390579,39.03245482236643,-1.0683054466085018,0.05750773178928279,31.87479514913143,1784,49.740997506898616,-49.740997506898616
69,test,rf,6102,31.958160402784245,39.61579235511027,-7.063790558698262,0.23239730194666006,40.036053752867915,1784,50.75232065895845,-50.067610707641514
69,test,avg,6102,31.891570205142024,38.38567279289868,-4.066048002653382,0.21728050866633086,32.317273025237625,1784,49.904304107270065,-49.904304107270065
69,test,clim,6102,33.424888918478615,39.07947197793605,0.11269131293557903,,31.87479514913143,1784,48.811892334563645,-48.811892334563645
72,train,xgb,28531,38.844547478033164,50.63451332472262,-0.01578385029960216,0.7302264670763648,27.06529739581508,8493,57.98365733206069,-57.98365733206069
72,train,rf,28531,16.246413027754656,23.634366394006854,0.05425006341464415,0.9150276544472118,68.87595948266797,8493,21.336183066912948,-18.87862822555776
72,train,avg,28531,26.555574639775408,35.2147852272787,0.019233106557520897,0.9075536100678575,45.263047211804704,8493,38.57942782934559,-38.431142778809225
72,train,clim,28531,40.73945161512228,53.48146746055628,1.1730890969557239e-14,,27.06529739581508,8493,61.00639882296748,-61.00639882296748
72,val,xgb,6098,35.60849953761215,41.520410336701985,1.1046778190014752,0.023036679231433353,28.92751721876025,1786,49.782193379332746,-49.782193379332746
72,val,rf,6098,35.45326719944851,43.818011508027645,-4.263408466626379,0.1218767504051408,35.97900951131518,1786,51.20444335588544,-50.84834079555921
72,val,avg,6098,34.84734220057567,41.72041280923565,-1.5793653238124516,0.11155289908069835,29.780255821580848,1786,50.31526708744598,-50.31526708744598
72,val,clim,6098,35.75364598269621,41.52594433466695,2.185129191324919,-1.7605486720379472e-15,28.92751721876025,1786,49.08249403028464,-49.08249403028464
72,test,xgb,6099,33.031545280960664,38.82160628947203,-1.0009567553458751,0.12398944269220961,31.89047384817183,1781,49.375526702383944,-49.375526702383944
72,test,rf,6099,31.791803925780005,39.39944705182791,-6.871735737265775,0.23748940858178644,40.285292670929664,1781,50.69640884558461,-50.02462934657116
72,test,avg,6099,31.752182983624326,38.24591188521658,-3.936346246305825,0.22809704118555293,32.26758484997541,1781,49.70007802447756,-49.70007802447756
72,test,clim,6099,33.40845792533441,39.06172290290418,0.13599661868815077,-1.131924538873978e-15,31.89047384817183,1781,48.792791791963374,-48.792791791963374
