horizon,config,val_MAE,val_MAE_std,val_RMSE,val_RMSE_std,train_MAE,n_trees,MAE_gain_vs_E0_%,RMSE_gain_vs_E0_%
3,E0_baseline,19.134,0.108,25.756,0.128,15.05,289.0,0.0,0.0
3,E1_delta_target,19.099,0.055,25.675,0.046,15.07,335.0,0.18292045573324867,0.31448982761298483
3,E2_extra_features,19.594,0.092,26.341,0.091,15.3,248.0,-2.4040974182084396,-2.2713154216493336
3,E3_delta+extra,18.967,0.038,25.67,0.053,16.1,213.0,0.8727918887843744,0.33390277993476936
3,E4_native_nan,19.206,0.043,25.807,0.047,14.83,312.0,-0.37629350893697566,-0.19801211368224436
3,E5_delta+extra+nan,18.923,0.011,25.635,0.041,16.02,217.0,1.1027490331347423,0.46979344618729435
3,persistence,20.85,,30.53,,,,-8.96832862966448,-18.53548687684423
6,E0_baseline,25.838,0.056,32.923,0.084,16.5,334.0,0.0,0.0
6,E1_delta_target,25.886,0.044,32.913,0.069,17.5,298.0,-0.18577289263874697,0.030373902742775183
6,E2_extra_features,26.162,0.141,33.292,0.136,17.3,260.0,-1.2539670253115531,-1.1207970112079746
6,E3_delta+extra,25.495,0.017,32.501,0.008,18.51,213.0,1.3275021286477284,1.2817786957446287
6,E4_native_nan,25.689,0.041,32.816,0.038,16.37,341.0,0.5766700208994502,0.3250007593475712
6,E5_delta+extra+nan,25.49,0.03,32.513,0.059,18.42,214.0,1.3468534716309377,1.2453300124533162
6,persistence,32.17,,42.822,,,,-24.50654075392833,-30.0671263250615
9,E0_baseline,27.95,0.068,35.273,0.098,18.5,248.0,0.0,0.0
9,E1_delta_target,28.295,0.071,35.444,0.035,18.85,283.0,-1.2343470483005436,-0.48479006605619546
9,E2_extra_features,28.292,0.045,35.675,0.109,18.57,238.0,-1.2236135957066185,-1.1396819096759492
9,E3_delta+extra,27.948,0.078,35.156,0.067,19.98,205.0,0.007155635062605636,0.33169846624898636
9,E4_native_nan,28.05,0.124,35.335,0.124,19.26,202.0,-0.3577817531305927,-0.17577183681569686
9,E5_delta+extra+nan,27.845,0.069,35.072,0.092,20.24,192.0,0.37567084078712343,0.5698409548379746
9,persistence,38.503,,49.44,,,,-37.7567084078712,-40.16386471238622
12,E0_baseline,28.462,0.026,35.76,0.058,17.78,306.0,0.0,0.0
12,E1_delta_target,28.326,0.055,35.507,0.103,19.22,275.0,0.47783008924179304,0.7074944071588374
12,E2_extra_features,28.849,0.068,36.233,0.109,19.02,224.0,-1.3597076804160002,-1.3227069351230414
12,E3_delta+extra,28.41,0.151,35.727,0.183,19.22,261.0,0.18269974000421074,0.09228187919463338
12,E4_native_nan,28.452,0.08,35.797,0.102,18.75,239.0,0.03513456538541959,-0.10346756152124215
12,E5_delta+extra+nan,28.555,0.083,35.96,0.128,20.49,191.0,-0.32675145808447326,-0.5592841163311046
12,persistence,41.133,,52.148,,,,-44.51900779987352,-45.827740492170044
